{"_runtime":1017.728773215,"f1_score":0.991748172051983,"operation_time":115.70798754692078,"val_f1_score":0.9924163104759605,"train_f1_score":0.9996666537054454,"_step":7,"test_loss":0.03793307433574847,"round":2,"val_loss":0.03312938368450906,"gl_model_v":7,"test_accuracy":0.99175,"train_accuracy":0.9996666666666667,"val_accuracy":0.9924166666666666,"train_loss":0.0015072988913205814,"_timestamp":1.7588667145415244e+09,"_wandb":{"runtime":1017},"train_time":16.300020694732666}