{"round":2,"test_accuracy":0.9921666666666666,"f1_score":0.9921632749377511,"train_accuracy":0.9999722222222223,"train_time":124.89018964767456,"_runtime":226.126582226,"operation_time":224.22213530540466,"val_accuracy":0.9925,"val_f1_score":0.992497095706559,"test_loss":0.04446921679624075,"_wandb":{"runtime":226},"train_f1_score":0.9999722220696975,"val_loss":0.04021246705763907,"_step":8,"gl_model_v":8,"train_loss":0.0002154738425880913,"_timestamp":1.7588682638135214e+09}