{"train_f1_score":0.9960280097866163,"train_time":149.02752256393433,"train_accuracy":0.9960277777777777,"val_accuracy":0.9888333333333333,"_timestamp":1.7588765479393349e+09,"val_f1_score":0.9888395580796278,"train_loss":0.012733566622356488,"_step":12,"_runtime":328.97371124,"round":1,"_wandb":{"runtime":328},"gl_model_v":12,"val_loss":0.046907323176515574,"operation_time":327.06123757362366}