{"test_accuracy":0.99075,"val_accuracy":0.9913333333333333,"_runtime":234.341462728,"train_time":84.78086805343628,"f1_score":0.9907465742049738,"test_loss":0.04236841179149354,"val_loss":0.03911301828060111,"_timestamp":1.758762597974401e+09,"train_loss":0.0005757771061849315,"_step":3,"round":2,"train_f1_score":0.9998888843283401,"_wandb":{"runtime":234},"val_f1_score":0.9913262967493198,"operation_time":231.55995059013367,"train_accuracy":0.9998888888888889,"gl_model_v":3}