{"_step":5,"train_accuracy":0.9980739989863152,"test_accuracy":0.594,"operation_time":75.53212428092957,"train_f1_score":0.9980481588305626,"train_loss":0.006459280089891245,"val_loss":0.050745579961818665,"test_loss":1.20879759592346,"gl_model_v":5,"_wandb":{"runtime":76},"val_f1_score":0.98884084823123,"_timestamp":1.7591182287536175e+09,"f1_score":0.5155231824795795,"train_time":39.24152994155884,"round":2,"_runtime":76.441436914,"val_accuracy":0.9888483373884833}