{"val_f1_score":0.991912793073775,"_wandb":{"runtime":118},"val_loss":0.037543561167540054,"test_accuracy":0.99125,"train_f1_score":0.9999722223738108,"_timestamp":1.758862694479318e+09,"train_accuracy":0.9999722222222223,"gl_model_v":5,"val_accuracy":0.9919166666666667,"_runtime":118.258646959,"round":1,"train_loss":0.00040421512806376817,"test_loss":0.04249103350911297,"f1_score":0.9912497232999801,"operation_time":115.34109711647034,"train_time":65.97160267829895,"_step":5}