{"test_accuracy":0.4959,"train_accuracy":0.9769066893907116,"val_f1_score":0.9720375487433826,"_step":2,"test_loss":6.924108583715897,"_timestamp":1.7591985411853938e+09,"round":2,"train_time":16.160831689834595,"val_accuracy":0.9727241732015002,"_runtime":1458.599508612,"f1_score":0.3660100654586763,"_wandb":{"runtime":1458},"val_loss":0.08961956818466602,"train_f1_score":0.9755965410856835,"train_loss":0.08062034313206388}