{"test_accuracy":0.9921666666666666,"_wandb":{"runtime":625},"val_f1_score":0.9932474917127059,"train_time":389.6670632362366,"gl_model_v":15,"_step":15,"_timestamp":1.758888922867816e+09,"test_loss":0.04916545209547176,"operation_time":623.5977504253387,"val_accuracy":0.99325,"f1_score":0.9921640228591352,"_runtime":625.926797948,"val_loss":0.04428877100135524,"train_accuracy":1,"train_loss":2.09166699585034e-05,"train_f1_score":1,"round":2}