{"_wandb":{"runtime":217},"_runtime":217.598358383,"_step":8,"operation_time":217.42108058929443,"gl_model_v":8,"_timestamp":1.7588682637429335e+09}