{"train_time":174.80698013305664,"train_f1_score":1,"train_loss":8.472609860569769e-05,"_wandb":{"runtime":293},"operation_time":292.48185563087463,"test_accuracy":0.9924166666666666,"test_loss":0.04336044869142689,"_step":18,"val_loss":0.0405088904981663,"f1_score":0.9924151671854216,"train_accuracy":1,"_timestamp":1.7589618175952802e+09,"val_f1_score":0.9929138924607469,"_runtime":293.526396245,"gl_model_v":18,"round":2,"val_accuracy":0.9929166666666667}