{"test_accuracy":0.9379,"train_time":10.375454425811768,"_timestamp":1.7591225080220242e+09,"train_accuracy":0.999341104916371,"train_loss":0.0018318269878598644,"f1_score":0.9380575090509085,"test_loss":0.20542019480674328,"_wandb":{"runtime":46},"operation_time":45.95389485359192,"_runtime":46.986457661,"round":2,"train_f1_score":0.9993412105255031,"gl_model_v":8,"val_accuracy":0.9949310624493106,"val_loss":0.01976138390511131,"val_f1_score":0.9949287325465678,"_step":8}