{"train_f1_score":0.9916953932122214,"val_f1_score":0.9844205550278659,"train_accuracy":0.9916944444444444,"train_loss":0.02867853070653625,"train_time":16.278589487075806,"round":1,"_step":10,"gl_model_v":10,"_wandb":{"runtime":98},"_runtime":98.718009961,"_timestamp":1.7588740839682038e+09,"val_loss":0.05903423760839282,"val_accuracy":0.9844166666666667,"operation_time":98.52992725372314}