{"train_accuracy":0.99775,"_timestamp":1.758962479435196e+09,"train_loss":0.008060044474924023,"operation_time":246.03723335266113,"test_accuracy":0.98725,"_wandb":{"runtime":247},"gl_model_v":19,"train_f1_score":0.9977505403255523,"val_loss":0.04444939633035671,"test_loss":0.047809989538360784,"_step":19,"_runtime":247.391560057,"val_f1_score":0.9896677971123605,"train_time":142.3370716571808,"f1_score":0.9872595287811995,"val_accuracy":0.9896666666666667,"round":2}