{"round":2,"train_time":14.009892463684082,"_step":2,"val_loss":0.010308201261348305,"f1_score":0.8175788910030332,"val_accuracy":0.9973641524736415,"train_accuracy":0.9996958945767866,"test_loss":0.574386127387421,"val_f1_score":0.9973640565289661,"train_f1_score":0.9996958777999202,"test_accuracy":0.8355,"_wandb":{"runtime":41},"train_loss":0.0015597069228533655,"_timestamp":1.7591153962361817e+09,"operation_time":40.66559600830078,"_runtime":41.655285502,"gl_model_v":2}