{"train_loss":0.0026525788766614544,"val_accuracy":0.9916666666666667,"train_time":29.59520173072815,"operation_time":114.35138297080994,"test_accuracy":0.9905833333333334,"train_accuracy":0.9992777777777778,"_wandb":{"runtime":114},"val_f1_score":0.991666578947989,"train_f1_score":0.999277757430118,"test_loss":0.03739018761088447,"_step":5,"round":1,"f1_score":0.9905822804677948,"gl_model_v":5,"_timestamp":1.7588626944794867e+09,"val_loss":0.03298848081345916,"_runtime":114.536166179}