{"f1_score":0.9671687090990665,"val_accuracy":0.9955393349553934,"gl_model_v":9,"_runtime":50.523274788,"train_f1_score":0.9985046825857791,"test_loss":0.09049816016414308,"val_loss":0.014430364386032287,"val_f1_score":0.9955406463856716,"_step":9,"_timestamp":1.7591242228720555e+09,"test_accuracy":0.9677,"train_accuracy":0.9984794728839331,"operation_time":49.54862356185913,"train_loss":0.005251331599076272,"train_time":18.636975049972534,"round":2,"_wandb":{"runtime":50}}