{"_timestamp":1.7588715995513275e+09,"gl_model_v":9,"round":1,"f1_score":0.9881679960423161,"_step":9,"operation_time":90.53459668159485,"val_f1_score":0.989334157908037,"val_loss":0.04012958466030776,"train_f1_score":0.9973055960209793,"train_accuracy":0.9973055555555556,"_wandb":{"runtime":90},"val_accuracy":0.9893333333333333,"train_time":37.26702284812927,"train_loss":0.010161481105983815,"_runtime":90.696802149,"test_loss":0.054220787554786126,"test_accuracy":0.9881666666666666}