{"val_f1_score":0.9823577995967374,"train_f1_score":0.9882697597044233,"train_time":7.696815013885498,"f1_score":0.7729660630930775,"train_loss":0.10292541011444574,"_step":6,"_timestamp":1.759118941254239e+09,"round":2,"test_accuracy":0.8003,"_wandb":{"runtime":55},"train_accuracy":0.9881398884946782,"val_loss":0.11653964145061298,"test_loss":0.5960871565945541,"val_accuracy":0.982360097323601,"operation_time":54.8538293838501,"gl_model_v":6,"_runtime":55.699731341}