{"val_f1_score":0.9924122475193753,"train_f1_score":1,"train_loss":0.00012407482985434798,"test_accuracy":0.991,"_step":4,"_timestamp":1.7587631770738184e+09,"f1_score":0.9909978608563128,"val_loss":0.040031413384101745,"val_accuracy":0.9924166666666666,"_runtime":375.883940505,"round":2,"test_loss":0.044170944194775075,"train_time":176.3140106201172,"_wandb":{"runtime":375},"operation_time":373.3540689945221,"train_accuracy":1,"gl_model_v":4}