{"test_loss":0.04270698049158648,"val_f1_score":0.9930821776435266,"_step":17,"val_accuracy":0.9930833333333333,"_runtime":226.011799275,"gl_model_v":17,"train_accuracy":0.9998333333333334,"_timestamp":1.758960211390872e+09,"train_loss":0.0009386658129975211,"val_loss":0.033246216758345055,"f1_score":0.9910822745224592,"round":2,"test_accuracy":0.9910833333333333,"operation_time":224.48866939544678,"_wandb":{"runtime":226},"train_time":73.68647313117981,"train_f1_score":0.9998333250541731}