{"_timestamp":1.758888092266068e+09,"val_loss":0.04533401177391073,"train_loss":0.005035039613576115,"operation_time":315.18078875541687,"test_loss":0.048115213122033075,"gl_model_v":14,"_runtime":318.124587334,"val_f1_score":0.9902428226347383,"_step":14,"_wandb":{"runtime":318},"val_accuracy":0.99025,"train_time":158.11083722114563,"train_f1_score":0.9986384851008667,"test_accuracy":0.98975,"train_accuracy":0.9986388888888889,"round":2,"f1_score":0.9897511886094279}