{"_runtime":2105.128662987,"f1_score":0.9881662693366805,"val_f1_score":0.9894121534019257,"train_f1_score":0.9999166663911039,"train_time":91.37448239326477,"test_accuracy":0.9881666666666666,"val_accuracy":0.9894166666666667,"_wandb":{"runtime":2105},"val_loss":0.09809704735123723,"_step":20,"test_loss":0.1301496076382059,"train_accuracy":0.9999166666666667,"round":20,"train_loss":0.00016211870507916096,"_timestamp":1.7587115681191146e+09}