{"train_f1_score":0.992920554111801,"val_accuracy":0.9855,"round":1,"val_loss":0.05667519165906421,"train_accuracy":0.9929166666666667,"train_time":202.5417821407318,"gl_model_v":13,"operation_time":306.2400646209717,"test_accuracy":0.9845833333333334,"val_f1_score":0.9855009912642717,"_step":13,"f1_score":0.9845823781229742,"_runtime":307.745153287,"_timestamp":1.7588788656994083e+09,"_wandb":{"runtime":307},"train_loss":0.02305574204588795,"test_loss":0.05951659826244762}