{"operation_time":86.90242671966553,"gl_model_v":16,"_timestamp":1.7589576053022337e+09,"_runtime":88.327155888,"_step":16,"_wandb":{"runtime":88}}