{"train_time":9.6959388256073,"_timestamp":1.759202852337419e+09,"f1_score":0.45612850751205614,"operation_time":65.39760541915894,"train_f1_score":0.9769478798405047,"val_f1_score":0.9761923816910432,"_runtime":66.37672834,"test_loss":2.4512859205656414,"train_loss":0.0759001259773988,"round":2,"val_loss":0.07917384001547875,"_step":2,"_wandb":{"runtime":66},"gl_model_v":2,"val_accuracy":0.9768155472212752,"train_accuracy":0.9781849169152109,"test_accuracy":0.5488}