{"_timestamp":1.7589635027133145e+09,"test_loss":0.10832217125658025,"train_accuracy":0.9768333333333333,"_wandb":{"runtime":273},"f1_score":0.9723359124984854,"test_accuracy":0.9723333333333334,"round":2,"operation_time":271.3114860057831,"val_f1_score":0.973850165118128,"_step":20,"val_accuracy":0.9738333333333333,"val_loss":0.10341315478720564,"train_loss":0.0924165969701458,"_runtime":273.336362626,"train_time":131.83421421051025,"gl_model_v":20,"train_f1_score":0.9768376354155991}