{"_timestamp":1.7582554544481776e+09,"round":20,"val_f1_score":0.9840740659485241,"test_loss":0.20746015584923477,"f1_score":0.9815042551635612,"train_f1_score":0.9999444444651183,"val_loss":0.2117606427794639,"_wandb":{"runtime":628},"val_accuracy":0.9840833333333333,"_step":20,"test_accuracy":0.9815,"train_time":44.847898721694946,"_runtime":628.085209003,"train_loss":0.00024360834318962985,"train_accuracy":0.9999444444444444}