{"test_accuracy":0.9611666666666666,"train_loss":0.1165912860707924,"f1_score":0.9612475331700255,"test_loss":0.15987650330792716,"val_accuracy":0.9625,"_wandb":{"runtime":114},"train_f1_score":0.9669694960920491,"train_time":56.40583062171936,"operation_time":112.52470302581787,"_step":11,"gl_model_v":11,"round":2,"val_f1_score":0.9626606179559712,"train_accuracy":0.9668888888888889,"val_loss":0.1335497473346743,"_timestamp":1.7588749357690096e+09,"_runtime":114.007841516}