{"train_time":37.21349835395813,"f1_score":0.991079916540007,"val_accuracy":0.99175,"val_f1_score":0.9917463294836123,"operation_time":67.09936952590942,"gl_model_v":6,"val_loss":0.04276790944802687,"train_f1_score":0.9997499953475206,"_timestamp":1.758865030015003e+09,"round":2,"train_loss":0.0010430715739823944,"_step":6,"_wandb":{"runtime":67},"_runtime":67.278888104,"test_loss":0.04700972739157534,"train_accuracy":0.99975,"test_accuracy":0.9910833333333333}