{"_wandb":{"runtime":87},"_step":2,"train_f1_score":0.9953345156570192,"round":2,"val_accuracy":0.9870833333333333,"val_f1_score":0.9870866595130997,"train_time":27.94767427444458,"_runtime":87.927453644,"f1_score":0.9904981012095835,"test_accuracy":0.9905,"test_loss":0.03910575649438505,"train_loss":0.01531379108345268,"_timestamp":1.7591044084864528e+09,"train_accuracy":0.9953333333333333,"val_loss":0.04084386182156332}