{"train_loss":0.1312941090856409,"_runtime":3197.053797179,"val_f1_score":0.9589174414207665,"train_accuracy":0.9655,"_step":20,"val_loss":0.15816319551556668,"test_loss":0.16664334727411576,"round":20,"_wandb":{"runtime":3197},"train_time":203.80916953086853,"test_accuracy":0.959,"val_accuracy":0.9589166666666666,"_timestamp":1.758203934480828e+09,"f1_score":0.9590191327760844,"train_f1_score":0.9655059306567924}