{"train_loss":0.0003252906304865219,"val_loss":0.012976686789046746,"gl_model_v":7,"_timestamp":1.7591200969665804e+09,"test_loss":0.07150958956637761,"round":2,"val_accuracy":0.9959448499594485,"_runtime":44.630643279,"operation_time":43.80170226097107,"train_accuracy":1,"train_f1_score":1,"val_f1_score":0.9959454405189844,"f1_score":0.9777891769070162,"_step":7,"train_time":11.609248399734497,"test_accuracy":0.9779,"_wandb":{"runtime":44}}