{"_runtime":97.137932073,"gl_model_v":10,"_wandb":{"runtime":97},"f1_score":0.9878253591958029,"test_accuracy":0.9878333333333333,"test_loss":0.05330941665910204,"round":2,"_step":10,"val_f1_score":0.9887394241701544,"_timestamp":1.7588740840110397e+09,"train_f1_score":0.9953580256770825,"train_time":60.49799346923828,"operation_time":96.14514112472534,"val_loss":0.04926183940892286,"val_accuracy":0.98875,"train_loss":0.01576117570503338,"train_accuracy":0.9953611111111111}