{"val_f1_score":0.9871633527399649,"_runtime":356.523304285,"test_accuracy":0.9860833333333333,"test_loss":0.04751658255353253,"_timestamp":1.7587090888673165e+09,"train_f1_score":0.9908907391804088,"f1_score":0.9860817275623495,"train_time":104.2576334476471,"val_loss":0.04344585995150215,"_wandb":{"runtime":356},"val_accuracy":0.9871666666666666,"train_loss":0.030565530144609512,"_step":3,"round":3,"train_accuracy":0.9908888888888889}