{"_wandb":{"runtime":48},"train_loss":0.039384506789279475,"operation_time":47.57115864753723,"train_f1_score":0.9892608942055465,"test_accuracy":0.7672,"val_loss":0.06809456205855195,"gl_model_v":10,"f1_score":0.7413734280606309,"train_accuracy":0.9893056259503294,"val_f1_score":0.9847600681879414,"_runtime":48.322793948,"round":2,"train_time":7.333753824234009,"val_accuracy":0.9847931873479319,"test_loss":0.732339330866367,"_timestamp":1.7591295962653081e+09,"_step":10}