{"test_accuracy":0.9866666666666667,"train_loss":0.012271233959604324,"train_time":59.90780210494995,"train_accuracy":0.9961388888888889,"val_f1_score":0.986839867862398,"_timestamp":1.7587129546106591e+09,"val_accuracy":0.9868333333333333,"round":2,"operation_time":262.673287153244,"test_loss":0.05392162708387254,"_step":2,"_wandb":{"runtime":426},"_runtime":426.024735975,"f1_score":0.9866620342166789,"val_loss":0.04998852445327855,"gl_model_v":2,"train_f1_score":0.9961391902092787}