{"operation_time":79.33779788017273,"_timestamp":1.7591159385258958e+09,"train_loss":0.0012685540278761234,"train_accuracy":0.9996452103395844,"test_accuracy":0.9875,"val_accuracy":0.9989862124898621,"train_time":37.63621139526367,"test_loss":0.0440704065288087,"val_f1_score":0.9989859498839283,"f1_score":0.9874633545361892,"_runtime":80.236697715,"gl_model_v":3,"_wandb":{"runtime":80},"val_loss":0.006585583522488984,"round":2,"_step":3,"train_f1_score":0.9996452174014959}