{"val_loss":0.03570918368835377,"_timestamp":1.7588667146766446e+09,"train_loss":0.000671552124638999,"val_f1_score":0.9924136659701547,"operation_time":106.64443325996399,"f1_score":0.9905822804677948,"test_accuracy":0.9905833333333334,"round":2,"val_accuracy":0.9924166666666666,"test_loss":0.03739018520053001,"_wandb":{"runtime":559},"gl_model_v":7,"train_accuracy":0.9998888888888889,"_runtime":559.9816983,"train_f1_score":0.9998889000156351,"_step":7,"train_time":88.4824321269989}