{"val_f1_score":0.9922464960098364,"round":4,"_step":4,"train_loss":0.00040975624670848963,"val_loss":0.03411149732822563,"train_f1_score":0.9999444440976246,"train_time":121.56949996948242,"f1_score":0.9917477939077743,"_runtime":452.089661336,"val_accuracy":0.99225,"_wandb":{"runtime":452},"_timestamp":1.7587123351630971e+09,"test_loss":0.03638805902548793,"test_accuracy":0.99175,"train_accuracy":0.9999444444444444}