{"operation_time":37.02734661102295,"_step":4,"val_f1_score":0.997971044489457,"train_accuracy":0.999341104916371,"_wandb":{"runtime":37},"train_time":7.092285871505737,"f1_score":0.9828917657895743,"val_loss":0.009515604236628113,"train_f1_score":0.9993409884327193,"_runtime":37.915212748,"val_accuracy":0.9979724249797243,"round":2,"train_loss":0.001906450043057794,"test_loss":0.05907311107406298,"_timestamp":1.7591176836958559e+09,"gl_model_v":4,"test_accuracy":0.9829}