{"_step":20,"val_accuracy":0.98,"test_accuracy":0.9779166666666667,"train_loss":0.011656268513154036,"round":20,"val_f1_score":0.9799931912408454,"train_time":32.946598052978516,"val_loss":0.14471202013064224,"f1_score":0.977923001453447,"test_loss":0.13753050312578202,"_runtime":630.442241433,"_wandb":{"runtime":630},"_timestamp":1.7586878238140905e+09,"train_f1_score":0.9961112719606624,"train_accuracy":0.9961111111111111}